Prefix,Firstname,Lastname,Prefix_1,Firstname_1,Lastname_1,Label
robertoleong,roberto,leong,robertoleong,robertoleong,robertoleong,T
eduardoito,eduardo,ito,ito,eduardo,ito,T
ricklabanca,rick,labanca,ricklabanca,labanca,rick,T
jimmack,jimmack,jimmack,jimmack,jim,mack,T
markmasterson,markmastersoncompuservecom,markmastersoncompuservecom,markmasterson,mark,masterson,T
xouthier,xavier,outhier,xavierouthier,xavier,outhier,T
denislaroche,denis,laroche,denislaroche,denislaroche,denislaroche,T
pmolleti,powell,molleti,powellm,powell,molleti,T
maartenb,maarten,bosteels,mbosteelsdns,maarten,bosteels,T
remkop,remko,popma,remkopopma,remko,popma,T
dkx,karr,david,davidkarr,karr,david,T
martingainty,martin,gainty,mgainty,martin,gainty,T
wsmoak,wendy,smoak,wendysmoak,wendy,smoak,T
latham,dave,latham,apacheorg,dave,latham,T
zk,zsolt,koppany,zkoppany,zsolt,koppany,T
antoniomau,antonio,antonio,maurielloantonio,antonio,antonio,T
staufferjames,james,stauffer,jstauffe,james,stauffer,T
dlarmee,donald,alterthought,dlarmee,don,alterthought,T
ajb,adrian,blakey,adrian,adrian,blakey,T
markmasterson,mark,masterson,mmasterson,mark,masterson,T
noreply,ceki,glc,cgu,ceki,lc,T
alangreenberg,alan,greenberg,adg,alan,greenberg,T
apgiannakidis,apgiannakidis,apgiannakidis,apgiannakidis,apostolis,giannakidis,T
phillipqin,phillip,qin,pqin,phillip,qin,T
emilu,emilu,emilu,emilu,emi,lu,T
jeff,jeff,singer,jeffsinger,jeff,singer,T
staufferjames,james,stauffer,staufferjames,staufferjames,staufferjames,T
ksteppe,ksteppe,ksteppe,ksteppe,ksteppepacbellnet,ksteppepacbellnet,T
florianboulay,florian,boulay,fmaillist,florian,boulay,T
torbenbruun,torbenbruun,torbenbruun,torbenbruun,torben,bruun,T
alexcolic,alexcolic,alexcolic,alexcolic,alex,colic,T
dimitripissarenko,dimitri,pissarenko,dmitripissarenko,dmitri,pissarenko,T
mikaelstaldal,mikael,stldal,mikael,mikael,stldal,T
lawless,james,lawless,jameslawless,james,lawless,T
neerajxkumar,neerajxkumar,neerajxkumar,neerajxkumar,kumarneeraj,xcredit,T
cekigulcu,ceki,gulcu,cekigulcu,cekigulcu,cekigulcu,T
stefanborovac,stefan,borovac,stefanborovac,stefanborovactonlinede,stefanborovactonlinede,T
dave,dave,bender,dbender,dave,bender,T
alexcolic,alex,colic,alexcolic,alexcolic,alexcolic,T
eliotsykes,eliot,sykes,eliotsyk,eliot,sykes,T
mimill,mikhail,teterin,mimill,mikhail,t,T
sushilsureka,sureka,sushil,sushilsureka,sushil,sureka,T
tompalmer,tompalmer,tompalmer,tompalmer,tom,palmer,T
pradeepj,pradeep,pradeep,cdpradeepa,pradeep,pradeep,T
javadevmtl,john,smith,haefeleuser,john,smith,T
cgu,ceki,glc,cekigulcu,ceki,gulcu,T
epugh,eric,pugh,epugh,pugh,eric,T
tomcaulkins,tomcaulkinssascom,tomcaulkinssascom,tomcaulkins,tom,caulkins,T
simonkitching,simonkitchingorangech,simonkitchingorangech,simonkitching,kitching,simon,T
msbcode,matt,brown,mattbrown,matt,brown,T
friedbertwidmann,friedbertwidmann,friedbertwidmann,friedbertwidmann,friedbert,widmann,T
sorabh,saurabh,jain,sauravmanit,saurabh,jain,T
konradbillewicz,konrad,billewicz,carolus,konrad,billewicz,T
moleyharey,moleyharey,moleyharey,moleyharey,moleyhareygmailcom,moleyhareygmailcom,T
mailings,stefan,bayer,bytek,stefan,bayer,T
richardrose,richardrose,richardrose,richardrose,richard,rose,T
crsindhu,crsindhugmailcom,crsindhugmailcom,crsindhu,sindhu,sindhu,T
herveagnoux,herveagnoux,herveagnoux,herveagnoux,herve,agnoux,T
rkjensrud,roger,kjensrud,roger,roger,kjensrud,T
dlarmee,donald,alterthought,dlarmee,donald,larmeealterthought,T
ralphgoers,ralphgoers,dslextremecom,ralphgoers,ralphgoers,ralphgoers,T
rakeshpatel,rakesh,patel,rakeshpatel,rakeshpatel,rakeshpatel,T
rdunn,richard,dunn,gnuphie,richard,dunn,T
tsaxtoft,thomas,saxtoft,ts,thomas,saxtoft,T
santhoo,santhoo,santhoo,santhoo,santhooyahoocom,santhooyahoocom,T
patrickwyss,patrick,patrick,patrickwyss,wyss,patrick,T
kevsteppe,kevin,steppe,ksteppe,kevin,steppe,T
boyinglu,boying,lu,yinglu,ying,lu,T
ralphgoers,ralphgoers,ralphgoers,ralphgoers,ralph,goers,T
chong,ong,cpgm,chong,ong,ebgpgm,T
thaiha,ha,thai,thaiha,thai,ha,T
thunderaxiom,thorbjrn,andersen,nospam,thorbjrn,andersen,T
yuzhihong,ted,yu,tedyu,ted,yu,T
jhunsley,john,hunsley,jhunsley,johnhunsley,johnhunsley,T
patrickwyss,wyss,patrick,patrickwyss,patrick,patrick,T
carnold,curt,arnold,curtarnold,curt,arnold,T
ceki,ceki,gulcu,cgu,ceki,glc,T
dlarmee,donald,larmeealterthought,dlarmee,donald,larmee,T
m,mike,schilli,mschilli,mike,schilli,T
goetzger,heinrich,gvtzger,goetzger,heinrich,gtzger,T
brettchenderson,brett,henderson,brett,brett,henderson,T
davidmiller,david,miller,davidmiller,davidmiller,davidmiller,T
ceki,ceki,gulcu,cgu,ceki,lc,T
andreasfester,andreas,fester,afester,andreas,fester,T
benpeter,ben,peter,benpeter,benpeter,benpeter,T
moleyharey,moley,harey,moleyharey,moleyharey,moleyharey,T
davidnault,david,nault,dkoch,david,koch,F
michaelwechner,michael,wechner,mlgiroux,michael,giroux,F
markusjoschko,markus,joschko,rechtien,markus,rechtien,F
john,john,churchill,jvolkar,john,volkar,F
nospam,fhunter,fhunter,nospam,thorbjrn,andersen,F
jasonnovotny,jason,novotny,makotothedragon,jason,b,F
chris,chris,wensel,chris,chris,jones,F
kevinobrien,kevin,obrien,kev,kevin,smolkowski,F
manyofh,andreas,opitz,andreasguther,andreas,guther,F
raymondchow,raymond,chow,weschow,wesley,chow,F
alex,alex,brasetvik,alexyxwu,alex,wu,F
johnl,john,el,john,john,billings,F
markmasse,mark,masse,mark,mark,duske,F
fsanglard,fabien,sanglard,froy,fabien,roy,F
losma,mark,losacco,markharwd,mark,harwood,F
priyatips,priya,k,sirmishonis,mihail,k,F
emilu,emi,lu,zhlu,henry,lu,F
brunomelloni,bruno,melloni,brunocosnefroy,bruno,cosnefroy,F
michaelstephen,michael,stephen,zyh,michael,zhou,F
mgj,mark,johnston,mkurley,mark,kurley,F
mikeblakeknox,mike,blakeknox,mschilli,mike,schilli,F
llee,lap,lee,joong,joong,lee,F
jtyrrell,jim,tyrrell,jimohara,jim,ohara,F
dgeise,dave,geise,snoopdave,dave,johnson,F
jf,jason,friedlander,jbrosenberg,jason,rosenberg,F
manishrb,manish,rambabu,manishdharbale,manish,dharbale,F
robert,robert,palmer,rkanter,robert,kanter,F
cmedaglia,chris,medaglia,cgerrard,chris,gerrard,F
ramkumark,ramkumar,k,zhangk,z,k,F
jbonevic,jeff,bonevich,jeff,jeff,turner,F
brunogauthier,bruno,gauthier,brunofreudensprung,bruno,freudensprung,F
tforrester,thomas,forrester,thalbig,thomas,halbig,F
mminella,michael,minella,mx,michael,xu,F
jamesscrimshire,james,scrimshire,jamesrichardson,james,richardson,F
dberenguer,david,vargas,xerces,david,balaic,F
ricardomoral,ricardo,moral,rfonsecacardoso,ricardo,cardoso,F
thomasauinger,auinger,thomas,thomasbeer,beer,thomas,F
onlynone,steven,willis,skwslide,steven,wong,F
dbabits,david,babits,darose,david,rosenstrauch,F
dhoffer,dave,hoffer,dbrown,dave,brown,F
stevefuk,steven,fisher,skeens,steven,keens,F
marsht,thomas,marsh,andraschkothomas,thomas,andraschko,F
michaelcoughlan,michael,coughlan,hojnacki,michael,hojnacki,F
jamesdepaul,depaul,james,jamescorbin,corbin,james,F
dsmiley,david,smiley,dhirst,david,hirst,F
ericscheie,eric,scheie,echow,eric,chow,F
david,david,duddleston,davidg,david,grigglestone,F
david,david,phillips,dave,david,smithuchida,F
doug,doug,grimwade,dglassm,doug,glassman,F
mcanzoneri,michael,canzoneri,michaelbellomo,michael,bellomo,F
mx,michael,xu,hojnacki,michael,hojnacki,F
stevefolly,steve,folly,sarowe,steve,rowe,F
quicksilversly,jonathan,willis,onlynone,steven,willis,F
mchiocca,michael,chiocca,mrk,michael,krysiak,F
ryannpridgeon,ryan,p,ryanobjc,ryan,rawson,F
cstaylor,christopher,taylor,outtatime,jay,taylor,F
gcordrey,glen,cordrey,hog,glen,ho,F
chrisgwarp,chris,graham,chrisatkinson,chris,atkinson,F
jstauffe,james,stauffer,jamesahutton,james,hutton,F
eli,eli,collins,joecollins,joe,collins,F
jroscoe,jason,roscoe,jasontholstrup,jason,tholstrup,F
andrew,andrew,ash,andrewpennebaker,andrew,pennebaker,F
smontgom,stephen,montgomery,eelstretching,stephen,green,F
jaminshort,ben,short,apache,ben,hartshorne,F
david,david,hosier,dtonhofer,david,tonhofer,F
ericjain,eric,jain,erichamacher,eric,hamacher,F
davidkellerman,david,kellerman,davidmyersscibearspace,david,myers,F
bward,bradley,ward,timothyjward,timothy,ward,F
chrisd,chris,darroch,chriswberry,chris,berry,F
arthurbrown,arthur,brown,abrown,alan,brown,F
matthewarveson,matthew,arveson,matthewmonks,matthew,monks,F
gregchanan,gregory,chanan,gsydler,gregory,sydler,F
chris,chris,bailey,barlock,chris,barlock,F
ekbush,eddie,bush,postmenow,eddie,eddie,F
jasontholstrup,jason,tholstrup,jason,jason,dillon,F
dhirst,david,hirst,davidmiller,david,miller,F
peter,peter,mutsaers,choepete,peter,choe,F
howardmarano,marano,howard,hmak,mak,howard,F
tmw,tom,witmer,tmcguire,tom,mcguire,F
jimriceus,jim,rice,jimmtedd,jim,patrick,F
danielzollinger,daniel,zollinger,gilliandaniel,daniel,gillian,F
andrewkornev,andrey,kornev,acizov,andrey,cizov,F
karthikban,karthik,shivanna,kduddala,karthik,duddala,F
rupshall,robert,upshall,logjml,robert,fischer,F
mikeschall,michael,schall,michaelerskine,michael,erskine,F
michaelmorello,michael,morello,mroytman,michael,roytman,F
alavillipraveen,praveen,alavilli,praveenhasthal,praveen,hasthalapuram,F
tmcguire,tom,mcguire,tregan,tom,regan,F
motlin,craig,motlin,craig,craig,calef,F
oliverpike,oliver,pike,oliver,oliver,epper,F
chris,chris,derham,clamprecht,chris,lamprecht,F
cgerrard,chris,gerrard,chrisd,chris,darroch,F
mrobkin,michael,robkin,michaelpitoniak,michael,pitoniak,F
mikecampbell,mike,campbell,mike,mike,mike,F
johnlukar,john,lukar,haefeleuser,john,smith,F
rexxe,andrew,berman,andrewpennebaker,andrew,pennebaker,F
grahamr,graham,renney,grahamstewart,graham,stewart,F
jobson,chris,jobson,chris,chris,wensel,F
michaelerskine,michael,erskine,mburbidg,michael,burbidge,F
hbender,bender,heri,hbender,hbender,hbender,U
michael,michael,michael,michaelgrissom,michael,grissom,U
csw,charles,charles,charles,charles,charles,U
vec,vec,vec,vec,vance,cochrane,U
cgu,ceki,glc,cgu,cgu,cgu,U
anands,anands,anands,anands,sundararaman,anand,U
daniel,daniel,daniel,danielfritz,daniel,fritz,U
mperry,perry,mike,mike,mike,mike,U
danlip,dan,lipofsky,daniellipofsky,daniel,lipofsky,U
sdoherty,scott,doherty,scott,scott,scott,U
christian,christian,christian,cschneiderpublic,christian,schneider,U
fisher,fisher,fisher,stevefuk,steven,fisher,U
scohen,steve,cohen,steve,steve,steve,U
anand,anand,anand,hithuanand,hithu,anand,U
scott,scott,scott,sdeboy,scott,deboy,U
sandeep,sandeep,sandeep,sandeepmanhas,sandeep,manhas,U
m,m,m,msanjay,sanjay,m,U
aadam,adam,adam,adamretter,adam,retter,U
kevin,kevin,kevin,kcboyes,kevin,boyes,U
adam,adam,rosien,aadam,adam,adam,U
tim,tim,tim,timblanchard,tim,b,U
christian,christian,christian,christianberwanger,berwanger,christian,U
colinmorelli,colin,morelli,colin,colin,colin,U
lcryder,larry,cryderman,larry,larry,larry,U
michael,michael,michael,mwang,michael,it,U
chiahtk,chiahtk,chiahtk,chiahtk,tong,chiah,U
mark,mark,mark,markrmiller,mark,miller,U
michael,michael,michael,hanm,michael,han,U
ceki,ceki,ceki,ceki,cekiqosch,cekiqosch,U
scottnesbitt,scott,nesbitt,scott,scott,scott,U
joe,joseph,walton,swalton,j,walton,U
ralph,ralph,ralph,ralphgoers,ralph,goers,U
suthsc,scott,sutherland,scott,scott,scott,U
chris,christian,schneider,chris,chris,chris,U
dlarmee,donald,larmee,dlarmee,dlarmee,dlarmee,U
evertz,mark,evertz,mark,mark,mark,U
kevin,kevin,kevin,kbrown,kevin,brown,U
scott,scott,scott,scottalindner,scott,lindner,U
fpj,flavio,junqueira,fpj,fpj,fpj,U
tomkasikci,tom,kasikci,tom,tom,tom,U
chris,chris,chris,chris,christian,schneider,U
max,max,andersen,max,max,max,U
neilconway,neil,conway,neil,neil,neil,U
mx,michael,xu,michael,michael,michael,U
csingh,csingh,csingh,csingh,chandan,singh,U
pvoutier,paul,voutier,pvoutier,pvoutier,pvoutier,U
aadam,adam,adam,a,adam,fisk,U
dyemme,damodar,yemme,dyemme,dyemme,dyemme,U
chris,chris,chris,cconroy,chris,conroy,U
akrieg,adam,krieg,adamk,adam,k,U
michaelhurd,mike,hurd,mike,mike,mike,U
pwomack,paul,womack,pwomack,pwomack,pwomack,U
venkateshp,venkatesh,venkatesh,vprakss,venkatesh,sambandam,U
mjblecha,mike,blecha,mike,mike,mike,U
ggopalakrishnan,gautam,gopalakrishnan,gautam,gautam,gautam,U
daniel,daniel,daniel,danielwieser,wieser,daniel,U
chris,chris,chris,cgerrard,chris,gerrard,U
haase,christian,haase,christian,christian,christian,U
steve,steve,steve,stevewidom,steve,widom,U
patrickwyss,patrick,patrick,iwelcomespam,patrick,patrick,U
marsht,tom,marsh,marsht,thomas,marsh,U
charles,charles,charles,notdunnyet,charles,dunn,U
chriscustine,chris,custine,chris,chris,chris,U
andepiel,andepiel,andepiel,andepiel,andepiel,sl,U
kumar,kumar,kumar,muthamji,lalpop,kumar,U
warjort,adrian,brock,adrian,adrian,adrian,U
cgu,cgu,cgu,cgu,ceki,gulcu,U
tom,tom,tom,tomdrake,tom,drake,U
rgs,raul,s,rgs,raul,segales,U
cnauroth,chris,nauroth,chris,chris,chris,U
rfaggart,faggart,robin,robin,robin,robin,U
spam,daniel,rossi,daniel,daniel,daniel,U
mike,mike,mike,mjblecha,mike,blecha,U
ralphtice,ralph,tice,ralph,ralph,ralph,U
chrisatkinson,chris,atkinson,chris,chris,chris,U
ksteppe,kevin,steppe,kevin,kevin,kevin,U
onechen,chenone,chenone,onechen,onechen,onechen,U
stafford,wmastafford,wmastafford,stafford,stafford,stafford,U
abeech,abeechbigpondnetau,abeechbigpondnetau,abeech,adrian,beech,U
mike,michael,schronen,michael,michael,michael,U
kevin,kevin,kevin,kevin,kevin,goess,U
ssmith,scott,smith,scott,scott,scott,U
oops,oops,oops,shinoopsmail,oops,shin,U
anujgandharv,anuj,kumar,kumar,kumar,kumar,U
elakkiya,niras,iva,elakkiya,elakkiya,elakkiya,U
maltekempff,maltekempff,maltekempff,maltekempff,takidoso,takidoso,U
hallmant,tom,hallman,tom,tom,tom,U
df,daniel,freudenberger,daniel,daniel,daniel,U
